image,isbn
https://bookthumb-phinf.pstatic.net/cover/002/521/00252184.jpg?type=m1&udate=20210407,0385480016
https://bookthumb-phinf.pstatic.net/cover/026/734/02673462.jpg?type=m1&udate=20111122,047001461X
https://bookthumb-phinf.pstatic.net/cover/004/967/00496721.jpg?type=m1&udate=20130701,0534172687
https://bookthumb-phinf.pstatic.net/cover/025/144/02514438.jpg?type=m1&udate=20130201,0553383663
https://bookthumb-phinf.pstatic.net/cover/038/579/03857969.jpg?type=m1&udate=20130701,0670899763
https://bookthumb-phinf.pstatic.net/cover/006/067/00606761.jpg?type=m1&udate=20110902,0743455967
https://bookthumb-phinf.pstatic.net/cover/006/614/00661443.jpg?type=m1&udate=20111123,0780311361
https://bookthumb-phinf.pstatic.net/cover/005/599/00559943.jpg?type=m1&udate=20091228,0684832674
https://bookthumb-phinf.pstatic.net/cover/018/430/01843074.jpg?type=m1&udate=20081113,1852338024
https://bookthumb-phinf.pstatic.net/cover/029/027/02902762.jpg?type=m1&udate=20210421,1558602380
https://bookthumb-phinf.pstatic.net/cover/020/962/02096222.jpg?type=m1&udate=20080818,8901054884
https://bookthumb-phinf.pstatic.net/cover/019/371/01937153.jpg?type=m1&udate=20150715,8942003508
https://bookthumb-phinf.pstatic.net/cover/015/178/01517829.jpg?type=m1&udate=20071117,894500601X
https://bookthumb-phinf.pstatic.net/cover/000/218/00021857.jpg?type=m1&udate=20141122,8970505148
https://bookthumb-phinf.pstatic.net/cover/000/697/00069749.jpg?type=m1&udate=20150726,8984471429
https://bookthumb-phinf.pstatic.net/cover/113/641/11364188.jpg?type=m1&udate=20170705,9780062426970
https://bookthumb-phinf.pstatic.net/cover/003/157/00315746.jpg?type=m1&udate=20100206,9780131411555
https://bookthumb-phinf.pstatic.net/cover/016/382/01638270.jpg?type=m1&udate=20120106,9780131480056
https://bookthumb-phinf.pstatic.net/cover/111/732/11173262.jpg?type=m1&udate=20191129,9780262035613
https://bookthumb-phinf.pstatic.net/cover/033/343/03334310.jpg?type=m1&udate=20130115,9780300125771
https://bookthumb-phinf.pstatic.net/cover/070/336/07033647.jpg?type=m1&udate=20161229,9780307720955
https://bookthumb-phinf.pstatic.net/cover/067/360/06736077.jpg?type=m1&udate=20160824,9780307887894
https://bookthumb-phinf.pstatic.net/cover/025/179/02517954.jpg?type=m1&udate=20100206,9780321413093
https://bookthumb-phinf.pstatic.net/cover/072/306/07230642.jpg?type=m1&udate=20200908,9780321637734
https://bookthumb-phinf.pstatic.net/cover/081/720/08172091.jpg?type=m1&udate=20150728,9780385347372
https://bookthumb-phinf.pstatic.net/cover/004/183/00418381.jpg?type=m1&udate=20100123,9780393324426
https://bookthumb-phinf.pstatic.net/cover/026/569/02656975.jpg?type=m1&udate=20111122,9780393329469
https://bookthumb-phinf.pstatic.net/cover/054/095/05409576.jpg?type=m1&udate=20150923,9780393337457
https://bookthumb-phinf.pstatic.net/cover/101/459/10145987.jpg?type=m1&udate=20171207,9780465055692
https://bookthumb-phinf.pstatic.net/cover/044/563/04456386.jpg?type=m1&udate=20151020,9780470516256
https://bookthumb-phinf.pstatic.net/cover/005/223/00522355.jpg?type=m1&udate=20100206,9780596003302
https://bookthumb-phinf.pstatic.net/cover/005/224/00522492.jpg?type=m1&udate=20101028,9780596005955
https://bookthumb-phinf.pstatic.net/cover/014/850/01485070.jpg?type=m1&udate=20191025,9780596006105
https://bookthumb-phinf.pstatic.net/cover/015/941/01594119.jpg?type=m1&udate=20141126,9780596009656
https://bookthumb-phinf.pstatic.net/cover/148/422/14842223.jpg?type=m1&udate=20210623,9780735278516
https://bookthumb-phinf.pstatic.net/cover/074/609/07460934.jpg?type=m1&udate=20200812,9780804139298
https://bookthumb-phinf.pstatic.net/cover/206/043/20604386.jpg?type=m1&udate=20210610,9781108716956
https://bookthumb-phinf.pstatic.net/cover/072/865/07286588.jpg?type=m1&udate=20131122,9781250029621
https://bookthumb-phinf.pstatic.net/cover/028/212/02821231.jpg?type=m1&udate=20210525,9781400063512
https://bookthumb-phinf.pstatic.net/cover/068/791/06879101.jpg?type=m1&udate=20170125,9781400096237
https://bookthumb-phinf.pstatic.net/cover/046/816/04681662.jpg?type=m1&udate=20130602,9781401309664
https://bookthumb-phinf.pstatic.net/cover/071/028/07102895.jpg?type=m1&udate=20170227,9781449319793
https://bookthumb-phinf.pstatic.net/cover/073/385/07338533.jpg?type=m1&udate=20141110,9781449367619
https://bookthumb-phinf.pstatic.net/cover/081/637/08163711.jpg?type=m1&udate=20210609,9781455582341
https://bookthumb-phinf.pstatic.net/cover/091/685/09168500.jpg?type=m1&udate=20201015,9781491901427
https://bookthumb-phinf.pstatic.net/cover/090/098/09009893.jpg?type=m1&udate=20170620,9781491912768
https://bookthumb-phinf.pstatic.net/cover/109/431/10943196.jpg?type=m1&udate=20191126,9781491952962
https://bookthumb-phinf.pstatic.net/cover/117/308/11730848.jpg?type=m1&udate=20170809,9781491962299
https://bookthumb-phinf.pstatic.net/cover/128/950/12895052.jpg?type=m1&udate=20210518,9781491985045
https://bookthumb-phinf.pstatic.net/cover/002/133/00213322.jpg?type=m1&udate=20100202,9781565922259
https://bookthumb-phinf.pstatic.net/cover/070/023/07002369.jpg?type=m1&udate=20130706,9781579226442
https://bookthumb-phinf.pstatic.net/cover/044/955/04495586.jpg?type=m1&udate=20091228,9781593271749
https://bookthumb-phinf.pstatic.net/cover/071/287/07128788.jpg?type=m1&udate=20130119,9781593273897
https://bookthumb-phinf.pstatic.net/cover/078/437/07843756.jpg?type=m1&udate=20200410,9781593275679
https://bookthumb-phinf.pstatic.net/cover/123/277/12327704.jpg?type=m1&udate=20200423,9788966263080
https://bookthumb-phinf.pstatic.net/cover/100/867/10086774.jpg?type=m1&udate=20210203,9788901205953
https://bookthumb-phinf.pstatic.net/cover/168/491/16849187.jpg?type=m1&udate=20210105,9788901245591
https://bookthumb-phinf.pstatic.net/cover/163/008/16300838.jpg?type=m1&udate=20200701,9788925569024
https://bookthumb-phinf.pstatic.net/cover/166/287/16628720.jpg?type=m1&udate=20211022,9788925599632
https://bookthumb-phinf.pstatic.net/cover/113/554/11355488.jpg?type=m1&udate=20210909,9788927808121
https://bookthumb-phinf.pstatic.net/cover/124/518/12451806.jpg?type=m1&udate=20200423,9788931456639
https://bookthumb-phinf.pstatic.net/cover/141/342/14134211.jpg?type=m1&udate=20181101,9788931458398
https://bookthumb-phinf.pstatic.net/cover/164/271/16427121.jpg?type=m1&udate=20200723,9788931463040
https://bookthumb-phinf.pstatic.net/cover/114/045/11404593.jpg?type=m1&udate=20180703,9788932473451
https://bookthumb-phinf.pstatic.net/cover/030/088/03008836.jpg?type=m1&udate=20210914,9788934926184
https://bookthumb-phinf.pstatic.net/cover/065/893/06589351.jpg?type=m1&udate=20110316,9788934947202
https://bookthumb-phinf.pstatic.net/cover/076/616/07661675.jpg?type=m1&udate=20210301,9788934968153
https://bookthumb-phinf.pstatic.net/cover/081/719/08171902.jpg?type=m1&udate=20210917,9788934969006
https://bookthumb-phinf.pstatic.net/cover/120/112/12011269.jpg?type=m1&udate=20210915,9788934977841
https://bookthumb-phinf.pstatic.net/cover/137/996/13799667.jpg?type=m1&udate=20180802,9788934981763
https://bookthumb-phinf.pstatic.net/cover/163/641/16364143.jpg?type=m1&udate=20200609,9788934993148
https://bookthumb-phinf.pstatic.net/cover/155/561/15556171.jpg?type=m1&udate=20191021,9788934999171
https://bookthumb-phinf.pstatic.net/cover/082/701/08270144.jpg?type=m1&udate=20210715,9788935210213
https://bookthumb-phinf.pstatic.net/cover/140/529/14052905.jpg?type=m1&udate=20210301,9788935212385
https://bookthumb-phinf.pstatic.net/cover/073/173/07317390.jpg?type=m1&udate=20210715,9788937834332
https://bookthumb-phinf.pstatic.net/cover/083/776/08377652.jpg?type=m1&udate=20211120,9788947529877
https://bookthumb-phinf.pstatic.net/cover/134/459/13445984.jpg?type=m1&udate=20190920,9788950963613
https://bookthumb-phinf.pstatic.net/cover/122/481/12248180.jpg?type=m1&udate=20210623,9788950971083
https://bookthumb-phinf.pstatic.net/cover/154/049/15404948.jpg?type=m1&udate=20210831,9788950982737
https://bookthumb-phinf.pstatic.net/cover/163/457/16345711.jpg?type=m1&udate=20201104,9788950987312
https://bookthumb-phinf.pstatic.net/cover/074/048/07404831.jpg?type=m1&udate=20150812,9788952115232
https://bookthumb-phinf.pstatic.net/cover/119/302/11930264.jpg?type=m1&udate=20210311,9788955619256
https://bookthumb-phinf.pstatic.net/cover/059/941/05994152.jpg?type=m1&udate=20190307,9788956053219
https://bookthumb-phinf.pstatic.net/cover/134/655/13465510.jpg?type=m1&udate=20180619,9788959895106
https://bookthumb-phinf.pstatic.net/cover/121/070/12107061.jpg?type=m1&udate=20210914,9788960515987
https://bookthumb-phinf.pstatic.net/cover/064/467/06446706.jpg?type=m1&udate=20210811,9788960552036
https://bookthumb-phinf.pstatic.net/cover/043/921/04392142.jpg?type=m1&udate=20150529,9788960770317
https://bookthumb-phinf.pstatic.net/cover/068/787/06878710.jpg?type=m1&udate=20210509,9788960772953
https://bookthumb-phinf.pstatic.net/cover/072/147/07214772.jpg?type=m1&udate=20201016,9788960774384
https://bookthumb-phinf.pstatic.net/cover/074/631/07463130.jpg?type=m1&udate=20170915,9788960775435
https://bookthumb-phinf.pstatic.net/cover/116/115/11611507.jpg?type=m1&udate=20190204,9788960779532
https://bookthumb-phinf.pstatic.net/cover/092/354/09235493.jpg?type=m1&udate=20200310,9788960881631
https://bookthumb-phinf.pstatic.net/cover/115/556/11555672.jpg?type=m1&udate=20200307,9788962621693
https://bookthumb-phinf.pstatic.net/cover/125/278/12527802.jpg?type=m1&udate=20210324,9788962621952
https://bookthumb-phinf.pstatic.net/cover/159/122/15912224.jpg?type=m1&udate=20211015,9788962623154
https://bookthumb-phinf.pstatic.net/cover/168/252/16825265.jpg?type=m1&udate=20210626,9788962623505
https://bookthumb-phinf.pstatic.net/cover/072/682/07268283.jpg?type=m1&udate=20130719,9788963220598
https://bookthumb-phinf.pstatic.net/cover/094/736/09473624.jpg?type=m1&udate=20200630,9788963220864
https://bookthumb-phinf.pstatic.net/cover/121/207/12120758.jpg?type=m1&udate=20170615,9788963221199
https://bookthumb-phinf.pstatic.net/cover/163/839/16383957.jpg?type=m1&udate=20200701,9788965136071
https://bookthumb-phinf.pstatic.net/cover/142/003/14200387.jpg?type=m1&udate=20210119,9788965402282
https://bookthumb-phinf.pstatic.net/cover/153/721/15372175.jpg?type=m1&udate=20210509,9788965402527
https://bookthumb-phinf.pstatic.net/cover/158/717/15871738.jpg?type=m1&udate=20211019,9788965402602
https://bookthumb-phinf.pstatic.net/cover/125/564/12556403.jpg?type=m1&udate=20210917,9788965962359
https://bookthumb-phinf.pstatic.net/cover/077/612/07761230.jpg?type=m1&udate=20211016,9788966187584
https://bookthumb-phinf.pstatic.net/cover/087/374/08737434.jpg?type=m1&udate=20170911,9788966188994
https://bookthumb-phinf.pstatic.net/cover/068/055/06805580.jpg?type=m1&udate=20210806,9788966260225
https://bookthumb-phinf.pstatic.net/cover/068/723/06872340.jpg?type=m1&udate=20190203,9788966260256
https://bookthumb-phinf.pstatic.net/cover/069/864/06986417.jpg?type=m1&udate=20170814,9788966260485
https://bookthumb-phinf.pstatic.net/cover/074/489/07448919.jpg?type=m1&udate=20210910,9788966260935
https://bookthumb-phinf.pstatic.net/cover/073/902/07390287.jpg?type=m1&udate=20210202,9788966260959
https://bookthumb-phinf.pstatic.net/cover/087/794/08779469.jpg?type=m1&udate=20200423,9788966261253
https://bookthumb-phinf.pstatic.net/cover/088/263/08826350.jpg?type=m1&udate=20190204,9788966261321
https://bookthumb-phinf.pstatic.net/cover/090/781/09078133.jpg?type=m1&udate=20211019,9788966261437
https://bookthumb-phinf.pstatic.net/cover/134/955/13495501.jpg?type=m1&udate=20180407,9788966262205
https://bookthumb-phinf.pstatic.net/cover/144/272/14427260.jpg?type=m1&udate=20210509,9788966262359
https://bookthumb-phinf.pstatic.net/cover/148/246/14824657.jpg?type=m1&udate=20210509,9788966262434
https://bookthumb-phinf.pstatic.net/cover/148/291/14829160.jpg?type=m1&udate=20190430,9788966262441
https://bookthumb-phinf.pstatic.net/cover/153/037/15303798.jpg?type=m1&udate=20210211,9788966262472
https://bookthumb-phinf.pstatic.net/cover/155/574/15557456.jpg?type=m1&udate=20191011,9788966262519
https://bookthumb-phinf.pstatic.net/cover/163/631/16363119.jpg?type=m1&udate=20200528,9788966262618
https://bookthumb-phinf.pstatic.net/cover/163/910/16391022.jpg?type=m1&udate=20200701,9788966262670
https://bookthumb-phinf.pstatic.net/cover/124/299/12429937.jpg?type=m1&udate=20210811,9788966264087
https://bookthumb-phinf.pstatic.net/cover/133/664/13366477.jpg?type=m1&udate=20210509,9788968480478
https://bookthumb-phinf.pstatic.net/cover/078/755/07875555.jpg?type=m1&udate=20210731,9788968481147
https://bookthumb-phinf.pstatic.net/cover/080/950/08095019.jpg?type=m1&udate=20161223,9788968481215
https://bookthumb-phinf.pstatic.net/cover/106/084/10608421.jpg?type=m1&udate=20210509,9788968482779
https://bookthumb-phinf.pstatic.net/cover/124/818/12481877.jpg?type=m1&udate=20191102,9788968482892
https://bookthumb-phinf.pstatic.net/cover/116/629/11662922.jpg?type=m1&udate=20210217,9788968484599
https://bookthumb-phinf.pstatic.net/cover/132/406/13240640.jpg?type=m1&udate=20200408,9788970509389
https://bookthumb-phinf.pstatic.net/cover/063/808/06380885.jpg?type=m1&udate=20110816,9788971848456
https://bookthumb-phinf.pstatic.net/cover/118/952/11895289.jpg?type=m1&udate=20210521,9788972916321
https://bookthumb-phinf.pstatic.net/cover/070/810/07081032.jpg?type=m1&udate=20150718,9788976182630
https://bookthumb-phinf.pstatic.net/cover/045/275/04527570.jpg?type=m1&udate=20170103,9788979145625
https://bookthumb-phinf.pstatic.net/cover/063/574/06357451.jpg?type=m1&udate=20161225,9788979147599
https://bookthumb-phinf.pstatic.net/cover/064/677/06467751.jpg?type=m1&udate=20190203,9788979148046
https://bookthumb-phinf.pstatic.net/cover/069/928/06992817.jpg?type=m1&udate=20170103,9788979149531
https://bookthumb-phinf.pstatic.net/cover/070/846/07084684.jpg?type=m1&udate=20210301,9788983714657
https://bookthumb-phinf.pstatic.net/cover/026/263/02626374.jpg?type=m1&udate=20190205,9788989975908
https://bookthumb-phinf.pstatic.net/cover/063/413/06341308.jpg?type=m1&udate=20210910,9788989988731
https://bookthumb-phinf.pstatic.net/cover/135/529/13552955.jpg?type=m1&udate=20190623,9788990247674
https://bookthumb-phinf.pstatic.net/cover/139/543/13954300.jpg?type=m1&udate=20191228,9788990834768
https://bookthumb-phinf.pstatic.net/cover/063/324/06332442.jpg?type=m1&udate=20190203,9788991268807
https://bookthumb-phinf.pstatic.net/cover/071/126/07112622.jpg?type=m1&udate=20170427,9788994774299
https://bookthumb-phinf.pstatic.net/cover/079/981/07998111.jpg?type=m1&udate=20170728,9788994774756
https://bookthumb-phinf.pstatic.net/cover/087/696/08769629.jpg?type=m1&udate=20190314,9788994774893
https://bookthumb-phinf.pstatic.net/cover/030/425/03042570.jpg?type=m1&udate=20190202,9788995890271
https://bookthumb-phinf.pstatic.net/cover/066/200/06620001.jpg?type=m1&udate=20110427,9788996575818
https://bookthumb-phinf.pstatic.net/cover/071/380/07138052.jpg?type=m1&udate=20161223,9788996592976
https://bookthumb-phinf.pstatic.net/cover/085/921/08592190.jpg?type=m1&udate=20180622,9788997390571
https://bookthumb-phinf.pstatic.net/cover/122/361/12236131.jpg?type=m1&udate=20191228,9788997924363
https://bookthumb-phinf.pstatic.net/cover/164/159/16415916.jpg?type=m1&udate=20210509,9788997924721
https://bookthumb-phinf.pstatic.net/cover/140/131/14013195.jpg?type=m1&udate=20201201,9791129489159
https://bookthumb-phinf.pstatic.net/cover/188/312/18831207.jpg?type=m1&udate=20210829,9791135496851
https://bookthumb-phinf.pstatic.net/cover/128/363/12836325.jpg?type=m1&udate=20190203,9791155427811
https://bookthumb-phinf.pstatic.net/cover/093/100/09310017.jpg?type=m1&udate=20160504,9791156330431
https://bookthumb-phinf.pstatic.net/cover/128/732/12873234.jpg?type=m1&udate=20210623,9791156641582
https://bookthumb-phinf.pstatic.net/cover/177/624/17762418.jpg?type=m1&udate=20210930,9791156645078
https://bookthumb-phinf.pstatic.net/cover/125/717/12571742.jpg?type=m1&udate=20201016,9791158390730
https://bookthumb-phinf.pstatic.net/cover/132/990/13299071.jpg?type=m1&udate=20180207,9791158390914
https://bookthumb-phinf.pstatic.net/cover/134/397/13439766.jpg?type=m1&udate=20200326,9791158390952
https://bookthumb-phinf.pstatic.net/cover/134/838/13483879.jpg?type=m1&udate=20180406,9791158390983
https://bookthumb-phinf.pstatic.net/cover/137/571/13757145.jpg?type=m1&udate=20190204,9791158391041
https://bookthumb-phinf.pstatic.net/cover/163/419/16341944.jpg?type=m1&udate=20210607,9791158391980
https://bookthumb-phinf.pstatic.net/cover/163/419/16341942.jpg?type=m1&udate=20210607,9791158391997
https://bookthumb-phinf.pstatic.net/cover/162/995/16299590.jpg?type=m1&udate=20200319,9791158392000
https://bookthumb-phinf.pstatic.net/cover/163/657/16365755.jpg?type=m1&udate=20200526,9791158392123
https://bookthumb-phinf.pstatic.net/cover/185/243/18524381.jpg?type=m1&udate=20211026,9791158392376
https://bookthumb-phinf.pstatic.net/cover/152/585/15258512.jpg?type=m1&udate=20190810,9791160073980
https://bookthumb-phinf.pstatic.net/cover/117/617/11761716.jpg?type=m1&udate=20200813,9791160501308
https://bookthumb-phinf.pstatic.net/cover/118/033/11803346.jpg?type=m1&udate=20210709,9791160501315
https://bookthumb-phinf.pstatic.net/cover/128/352/12835263.jpg?type=m1&udate=20210509,9791160503371
https://bookthumb-phinf.pstatic.net/cover/136/484/13648423.jpg?type=m1&udate=20180627,9791160504880
https://bookthumb-phinf.pstatic.net/cover/137/996/13799610.jpg?type=m1&udate=20210301,9791160505177
https://bookthumb-phinf.pstatic.net/cover/140/690/14069088.jpg?type=m1&udate=20200214,9791160505979
https://bookthumb-phinf.pstatic.net/cover/143/719/14371970.jpg?type=m1&udate=20190801,9791160506624
https://bookthumb-phinf.pstatic.net/cover/148/498/14849851.jpg?type=m1&udate=20210509,9791160507829
https://bookthumb-phinf.pstatic.net/cover/153/727/15372757.jpg?type=m1&udate=20210822,9791160508796
https://bookthumb-phinf.pstatic.net/cover/153/711/15371179.jpg?type=m1&udate=20190925,9791160508802
https://bookthumb-phinf.pstatic.net/cover/121/670/12167068.jpg?type=m1&udate=20210910,9791160560213
https://bookthumb-phinf.pstatic.net/cover/136/064/13606497.jpg?type=m1&udate=20210216,9791161751641
https://bookthumb-phinf.pstatic.net/cover/143/712/14371200.jpg?type=m1&udate=20210626,9791161752426
https://bookthumb-phinf.pstatic.net/cover/144/512/14451255.jpg?type=m1&udate=20200401,9791161752655
https://bookthumb-phinf.pstatic.net/cover/147/223/14722370.jpg?type=m1&udate=20201217,9791161752860
https://bookthumb-phinf.pstatic.net/cover/159/102/15910281.jpg?type=m1&udate=20201216,9791161753669
https://bookthumb-phinf.pstatic.net/cover/158/116/15811671.jpg?type=m1&udate=20210929,9791161753737
https://bookthumb-phinf.pstatic.net/cover/167/441/16744119.jpg?type=m1&udate=20210509,9791161754598
https://bookthumb-phinf.pstatic.net/cover/174/669/17466968.jpg?type=m1&udate=20210723,9791161754727
https://bookthumb-phinf.pstatic.net/cover/183/406/18340625.jpg?type=m1&udate=20210509,9791161755083
https://bookthumb-phinf.pstatic.net/cover/189/061/18906168.jpg?type=m1&udate=20210501,9791161755137
https://bookthumb-phinf.pstatic.net/cover/209/357/20935728.jpg?type=m1&udate=20211013,9791161755694
https://bookthumb-phinf.pstatic.net/cover/125/560/12556028.jpg?type=m1&udate=20211008,9791162240137
https://bookthumb-phinf.pstatic.net/cover/128/924/12892401.jpg?type=m1&udate=20210509,9791162240397
https://bookthumb-phinf.pstatic.net/cover/133/304/13330413.jpg?type=m1&udate=20210509,9791162240519
https://bookthumb-phinf.pstatic.net/cover/134/654/13465439.jpg?type=m1&udate=20210509,9791162240687
https://bookthumb-phinf.pstatic.net/cover/135/418/13541863.jpg?type=m1&udate=20210702,9791162240731
https://bookthumb-phinf.pstatic.net/cover/136/085/13608509.jpg?type=m1&udate=20210509,9791162240748
https://bookthumb-phinf.pstatic.net/cover/136/489/13648953.jpg?type=m1&udate=20210509,9791162240816
https://bookthumb-phinf.pstatic.net/cover/156/607/15660741.jpg?type=m1&udate=20210917,9791162241080
https://bookthumb-phinf.pstatic.net/cover/142/961/14296195.jpg?type=m1&udate=20200113,9791162241387
https://bookthumb-phinf.pstatic.net/cover/147/970/14797086.jpg?type=m1&udate=20210121,9791162241745
https://bookthumb-phinf.pstatic.net/cover/153/721/15372183.jpg?type=m1&udate=20191008,9791162242162
https://bookthumb-phinf.pstatic.net/cover/155/596/15559613.jpg?type=m1&udate=20210211,9791162242278
https://bookthumb-phinf.pstatic.net/cover/162/405/16240506.jpg?type=m1&udate=20200929,9791162242551
https://bookthumb-phinf.pstatic.net/cover/163/110/16311029.jpg?type=m1&udate=20200601,9791162242742
https://bookthumb-phinf.pstatic.net/cover/163/285/16328592.jpg?type=m1&udate=20210915,9791162242964
https://bookthumb-phinf.pstatic.net/cover/163/236/16323607.jpg?type=m1&udate=20201028,9791162242995
https://bookthumb-phinf.pstatic.net/cover/163/395/16339550.jpg?type=m1&udate=20200601,9791162243053
https://bookthumb-phinf.pstatic.net/cover/163/621/16362170.jpg?type=m1&udate=20210731,9791162243152
https://bookthumb-phinf.pstatic.net/cover/164/188/16418821.jpg?type=m1&udate=20201016,9791162243282
https://bookthumb-phinf.pstatic.net/cover/165/887/16588706.jpg?type=m1&udate=20210509,9791162243411
https://bookthumb-phinf.pstatic.net/cover/173/584/17358496.jpg?type=m1&udate=20201203,9791162243596
https://bookthumb-phinf.pstatic.net/cover/181/251/18125164.jpg?type=m1&udate=20210401,9791162244067
https://bookthumb-phinf.pstatic.net/cover/185/635/18563552.jpg?type=m1&udate=20210509,9791162244081
https://bookthumb-phinf.pstatic.net/cover/204/703/20470368.jpg?type=m1&udate=20211111,9791162244166
https://bookthumb-phinf.pstatic.net/cover/208/474/20847459.jpg?type=m1&udate=20210902,9791162244654
https://bookthumb-phinf.pstatic.net/cover/173/567/17356769.jpg?type=m1&udate=20211008,9791164841905
https://bookthumb-phinf.pstatic.net/cover/162/154/16215446.jpg?type=m1&udate=20210211,9791165210397
https://bookthumb-phinf.pstatic.net/cover/163/633/16363359.jpg?type=m1&udate=20210211,9791165211639
https://bookthumb-phinf.pstatic.net/cover/189/929/18992960.jpg?type=m1&udate=20210829,9791165795399
https://bookthumb-phinf.pstatic.net/cover/075/788/07578844.jpg?type=m1&udate=20191223,9791185059112
https://bookthumb-phinf.pstatic.net/cover/128/123/12812354.jpg?type=m1&udate=20211014,9791185415161
https://bookthumb-phinf.pstatic.net/cover/108/243/10824359.jpg?type=m1&udate=20191010,9791185459547
https://bookthumb-phinf.pstatic.net/cover/154/070/15407061.jpg?type=m1&udate=20200402,9791185578460
https://bookthumb-phinf.pstatic.net/cover/162/437/16243707.jpg?type=m1&udate=20210509,9791185578606
https://bookthumb-phinf.pstatic.net/cover/101/997/10199750.jpg?type=m1&udate=20191010,9791185890418
https://bookthumb-phinf.pstatic.net/cover/101/997/10199751.jpg?type=m1&udate=20160511,9791185890425
https://bookthumb-phinf.pstatic.net/cover/111/344/11134429.jpg?type=m1&udate=20191010,9791185890593
https://bookthumb-phinf.pstatic.net/cover/120/353/12035385.jpg?type=m1&udate=20210316,9791185890852
https://bookthumb-phinf.pstatic.net/cover/123/072/12307278.jpg?type=m1&udate=20210509,9791185890869
https://bookthumb-phinf.pstatic.net/cover/139/543/13954301.jpg?type=m1&udate=20210603,9791185982533
https://bookthumb-phinf.pstatic.net/cover/139/754/13975492.jpg?type=m1&udate=20201028,9791186560792
https://bookthumb-phinf.pstatic.net/cover/095/857/09585753.jpg?type=m1&udate=20210509,9791186659489
https://bookthumb-phinf.pstatic.net/cover/106/345/10634587.jpg?type=m1&udate=20210509,9791186697177
https://bookthumb-phinf.pstatic.net/cover/139/505/13950520.jpg?type=m1&udate=20210509,9791186697696
https://bookthumb-phinf.pstatic.net/cover/104/944/10494492.jpg?type=m1&udate=20170925,9791186710050
https://bookthumb-phinf.pstatic.net/cover/111/660/11166008.jpg?type=m1&udate=20210828,9791186805398
https://bookthumb-phinf.pstatic.net/cover/144/399/14439963.jpg?type=m1&udate=20191010,9791187139218
https://bookthumb-phinf.pstatic.net/cover/139/546/13954666.jpg?type=m1&udate=20200225,9791187525820
https://bookthumb-phinf.pstatic.net/cover/133/789/13378992.jpg?type=m1&udate=20191010,9791188621057
https://bookthumb-phinf.pstatic.net/cover/137/576/13757684.jpg?type=m1&udate=20200410,9791188621132
https://bookthumb-phinf.pstatic.net/cover/139/829/13982932.jpg?type=m1&udate=20210727,9791188621255
https://bookthumb-phinf.pstatic.net/cover/141/037/14103770.jpg?type=m1&udate=20201014,9791188621422
https://bookthumb-phinf.pstatic.net/cover/154/331/15433181.jpg?type=m1&udate=20200423,9791188621668
https://bookthumb-phinf.pstatic.net/cover/147/953/14795365.jpg?type=m1&udate=20190823,9791188719020
https://bookthumb-phinf.pstatic.net/cover/164/057/16405773.jpg?type=m1&udate=20210826,9791188850945
https://bookthumb-phinf.pstatic.net/cover/175/976/17597624.jpg?type=m1&udate=20201223,9791189184070
https://bookthumb-phinf.pstatic.net/cover/147/233/14723323.jpg?type=m1&udate=20190426,9791189318109
https://bookthumb-phinf.pstatic.net/cover/162/705/16270503.jpg?type=m1&udate=20200701,9791189327057
https://bookthumb-phinf.pstatic.net/cover/163/149/16314991.jpg?type=m1&udate=20210320,9791189347048
https://bookthumb-phinf.pstatic.net/cover/148/206/14820673.jpg?type=m1&udate=20211016,9791189430207
https://bookthumb-phinf.pstatic.net/cover/162/357/16235738.jpg?type=m1&udate=20210831,9791189932473
https://bookthumb-phinf.pstatic.net/cover/155/597/15559704.jpg?type=m1&udate=20210805,9791190314008
https://bookthumb-phinf.pstatic.net/cover/163/785/16378533.jpg?type=m1&udate=20200701,9791190356602
https://bookthumb-phinf.pstatic.net/cover/163/014/16301468.jpg?type=m1&udate=20210727,9791190665179
https://bookthumb-phinf.pstatic.net/cover/163/862/16386236.jpg?type=m1&udate=20210415,9791190665230
https://bookthumb-phinf.pstatic.net/cover/170/736/17073694.jpg?type=m1&udate=20210415,9791190665612
https://bookthumb-phinf.pstatic.net/cover/180/068/18006862.jpg?type=m1&udate=20211030,9791191056471
https://bookthumb-phinf.pstatic.net/cover/108/595/10859579.jpg?type=m1&udate=20190510,9791195420452
https://bookthumb-phinf.pstatic.net/cover/134/990/13499076.jpg?type=m1&udate=20210509,9791195484584
https://bookthumb-phinf.pstatic.net/cover/122/853/12285333.jpg?type=m1&udate=20190808,9791195515677
https://bookthumb-phinf.pstatic.net/cover/112/708/11270836.jpg?type=m1&udate=20211022,9791195581184
https://bookthumb-phinf.pstatic.net/cover/142/967/14296722.jpg?type=m1&udate=20210917,9791196040093
https://bookthumb-phinf.pstatic.net/cover/141/247/14124710.jpg?type=m1&udate=20210715,9791196067694
https://bookthumb-phinf.pstatic.net/cover/165/887/16588727.jpg?type=m1&udate=20200829,9791196997588
https://bookthumb-phinf.pstatic.net/cover/167/107/16710733.jpg?type=m1&udate=20210312,9798644074372